{
  "config_hash": "1cc29a8340f14dee",
  "timestamp": 1759104194.1071396,
  "records": [
    {
      "lattice": [
        8,
        8
      ],
      "disorder": 0.0,
      "gamma_opt": 0.1,
      "config_hash": "1cc29a8340f14dee",
      "timestamp": 1759104161.191494,
      "quality": {
        "trace_ok": null,
        "positivity_ok": true,
        "dt_order": 4.0,
        "dt_order_ok": true,
        "bootstrap_halfwidth": 0.01,
        "bootstrap_ok": true,
        "fractal_transport_gap": null,
        "fractal_transport_ok": null,
        "min_eig": null,
        "adaptive_dt_rejections": null,
        "local_error_max": null
      },
      "outputs": {
        "returncode": 1,
        "stdout_len": 0,
        "stderr_len": 795,
        "metrics": {
          "trace_max": null,
          "trace_max_sweep": null,
          "d2": null,
          "alpha_d": null,
          "fractal_transport_gap": null,
          "dt_order": null,
          "bootstrap_halfwidth": null,
          "cpu_time": null,
          "rss": null,
          "min_eig": null,
          "neg_eig_count": null,
          "adaptive_dt_rejections": null,
          "adaptive_dt_mean": null,
          "local_error_max": null
        },
        "dt_adapted": true
      }
    },
    {
      "lattice": [
        8,
        8
      ],
      "disorder": 0.1,
      "gamma_opt": 0.1,
      "config_hash": "1cc29a8340f14dee",
      "timestamp": 1759104164.1894453,
      "quality": {
        "trace_ok": null,
        "positivity_ok": true,
        "dt_order": 4.0,
        "dt_order_ok": true,
        "bootstrap_halfwidth": 0.01,
        "bootstrap_ok": true,
        "fractal_transport_gap": null,
        "fractal_transport_ok": null,
        "min_eig": null,
        "adaptive_dt_rejections": null,
        "local_error_max": null
      },
      "outputs": {
        "returncode": 1,
        "stdout_len": 0,
        "stderr_len": 795,
        "metrics": {
          "trace_max": null,
          "trace_max_sweep": null,
          "d2": null,
          "alpha_d": null,
          "fractal_transport_gap": null,
          "dt_order": null,
          "bootstrap_halfwidth": null,
          "cpu_time": null,
          "rss": null,
          "min_eig": null,
          "neg_eig_count": null,
          "adaptive_dt_rejections": null,
          "adaptive_dt_mean": null,
          "local_error_max": null
        },
        "dt_adapted": true
      }
    },
    {
      "lattice": [
        8,
        8
      ],
      "disorder": 0.2,
      "gamma_opt": 0.1,
      "config_hash": "1cc29a8340f14dee",
      "timestamp": 1759104168.2314649,
      "quality": {
        "trace_ok": null,
        "positivity_ok": true,
        "dt_order": 4.0,
        "dt_order_ok": true,
        "bootstrap_halfwidth": 0.01,
        "bootstrap_ok": true,
        "fractal_transport_gap": null,
        "fractal_transport_ok": null,
        "min_eig": null,
        "adaptive_dt_rejections": null,
        "local_error_max": null
      },
      "outputs": {
        "returncode": 1,
        "stdout_len": 0,
        "stderr_len": 795,
        "metrics": {
          "trace_max": null,
          "trace_max_sweep": null,
          "d2": null,
          "alpha_d": null,
          "fractal_transport_gap": null,
          "dt_order": null,
          "bootstrap_halfwidth": null,
          "cpu_time": null,
          "rss": null,
          "min_eig": null,
          "neg_eig_count": null,
          "adaptive_dt_rejections": null,
          "adaptive_dt_mean": null,
          "local_error_max": null
        },
        "dt_adapted": true
      }
    },
    {
      "lattice": [
        12,
        12
      ],
      "disorder": 0.0,
      "gamma_opt": 0.1,
      "config_hash": "1cc29a8340f14dee",
      "timestamp": 1759104173.8076925,
      "quality": {
        "trace_ok": null,
        "positivity_ok": true,
        "dt_order": 4.0,
        "dt_order_ok": true,
        "bootstrap_halfwidth": 0.01,
        "bootstrap_ok": true,
        "fractal_transport_gap": null,
        "fractal_transport_ok": null,
        "min_eig": null,
        "adaptive_dt_rejections": null,
        "local_error_max": null
      },
      "outputs": {
        "returncode": 1,
        "stdout_len": 0,
        "stderr_len": 795,
        "metrics": {
          "trace_max": null,
          "trace_max_sweep": null,
          "d2": null,
          "alpha_d": null,
          "fractal_transport_gap": null,
          "dt_order": null,
          "bootstrap_halfwidth": null,
          "cpu_time": null,
          "rss": null,
          "min_eig": null,
          "neg_eig_count": null,
          "adaptive_dt_rejections": null,
          "adaptive_dt_mean": null,
          "local_error_max": null
        },
        "dt_adapted": true
      }
    },
    {
      "lattice": [
        12,
        12
      ],
      "disorder": 0.1,
      "gamma_opt": 0.1,
      "config_hash": "1cc29a8340f14dee",
      "timestamp": 1759104176.4640892,
      "quality": {
        "trace_ok": null,
        "positivity_ok": true,
        "dt_order": 4.0,
        "dt_order_ok": true,
        "bootstrap_halfwidth": 0.01,
        "bootstrap_ok": true,
        "fractal_transport_gap": null,
        "fractal_transport_ok": null,
        "min_eig": null,
        "adaptive_dt_rejections": null,
        "local_error_max": null
      },
      "outputs": {
        "returncode": 1,
        "stdout_len": 0,
        "stderr_len": 795,
        "metrics": {
          "trace_max": null,
          "trace_max_sweep": null,
          "d2": null,
          "alpha_d": null,
          "fractal_transport_gap": null,
          "dt_order": null,
          "bootstrap_halfwidth": null,
          "cpu_time": null,
          "rss": null,
          "min_eig": null,
          "neg_eig_count": null,
          "adaptive_dt_rejections": null,
          "adaptive_dt_mean": null,
          "local_error_max": null
        },
        "dt_adapted": true
      }
    },
    {
      "lattice": [
        12,
        12
      ],
      "disorder": 0.2,
      "gamma_opt": 0.1,
      "config_hash": "1cc29a8340f14dee",
      "timestamp": 1759104178.7679229,
      "quality": {
        "trace_ok": null,
        "positivity_ok": true,
        "dt_order": 4.0,
        "dt_order_ok": true,
        "bootstrap_halfwidth": 0.01,
        "bootstrap_ok": true,
        "fractal_transport_gap": null,
        "fractal_transport_ok": null,
        "min_eig": null,
        "adaptive_dt_rejections": null,
        "local_error_max": null
      },
      "outputs": {
        "returncode": 1,
        "stdout_len": 0,
        "stderr_len": 795,
        "metrics": {
          "trace_max": null,
          "trace_max_sweep": null,
          "d2": null,
          "alpha_d": null,
          "fractal_transport_gap": null,
          "dt_order": null,
          "bootstrap_halfwidth": null,
          "cpu_time": null,
          "rss": null,
          "min_eig": null,
          "neg_eig_count": null,
          "adaptive_dt_rejections": null,
          "adaptive_dt_mean": null,
          "local_error_max": null
        },
        "dt_adapted": true
      }
    },
    {
      "lattice": [
        16,
        16
      ],
      "disorder": 0.0,
      "gamma_opt": 0.1,
      "config_hash": "1cc29a8340f14dee",
      "timestamp": 1759104181.2564673,
      "quality": {
        "trace_ok": null,
        "positivity_ok": true,
        "dt_order": 4.0,
        "dt_order_ok": true,
        "bootstrap_halfwidth": 0.01,
        "bootstrap_ok": true,
        "fractal_transport_gap": null,
        "fractal_transport_ok": null,
        "min_eig": null,
        "adaptive_dt_rejections": null,
        "local_error_max": null
      },
      "outputs": {
        "returncode": 1,
        "stdout_len": 0,
        "stderr_len": 795,
        "metrics": {
          "trace_max": null,
          "trace_max_sweep": null,
          "d2": null,
          "alpha_d": null,
          "fractal_transport_gap": null,
          "dt_order": null,
          "bootstrap_halfwidth": null,
          "cpu_time": null,
          "rss": null,
          "min_eig": null,
          "neg_eig_count": null,
          "adaptive_dt_rejections": null,
          "adaptive_dt_mean": null,
          "local_error_max": null
        },
        "dt_adapted": true
      }
    },
    {
      "lattice": [
        16,
        16
      ],
      "disorder": 0.1,
      "gamma_opt": 0.1,
      "config_hash": "1cc29a8340f14dee",
      "timestamp": 1759104183.5417967,
      "quality": {
        "trace_ok": null,
        "positivity_ok": true,
        "dt_order": 4.0,
        "dt_order_ok": true,
        "bootstrap_halfwidth": 0.01,
        "bootstrap_ok": true,
        "fractal_transport_gap": null,
        "fractal_transport_ok": null,
        "min_eig": null,
        "adaptive_dt_rejections": null,
        "local_error_max": null
      },
      "outputs": {
        "returncode": 1,
        "stdout_len": 0,
        "stderr_len": 795,
        "metrics": {
          "trace_max": null,
          "trace_max_sweep": null,
          "d2": null,
          "alpha_d": null,
          "fractal_transport_gap": null,
          "dt_order": null,
          "bootstrap_halfwidth": null,
          "cpu_time": null,
          "rss": null,
          "min_eig": null,
          "neg_eig_count": null,
          "adaptive_dt_rejections": null,
          "adaptive_dt_mean": null,
          "local_error_max": null
        },
        "dt_adapted": true
      }
    },
    {
      "lattice": [
        16,
        16
      ],
      "disorder": 0.2,
      "gamma_opt": 0.1,
      "config_hash": "1cc29a8340f14dee",
      "timestamp": 1759104185.7386918,
      "quality": {
        "trace_ok": null,
        "positivity_ok": true,
        "dt_order": 4.0,
        "dt_order_ok": true,
        "bootstrap_halfwidth": 0.01,
        "bootstrap_ok": true,
        "fractal_transport_gap": null,
        "fractal_transport_ok": null,
        "min_eig": null,
        "adaptive_dt_rejections": null,
        "local_error_max": null
      },
      "outputs": {
        "returncode": 1,
        "stdout_len": 0,
        "stderr_len": 795,
        "metrics": {
          "trace_max": null,
          "trace_max_sweep": null,
          "d2": null,
          "alpha_d": null,
          "fractal_transport_gap": null,
          "dt_order": null,
          "bootstrap_halfwidth": null,
          "cpu_time": null,
          "rss": null,
          "min_eig": null,
          "neg_eig_count": null,
          "adaptive_dt_rejections": null,
          "adaptive_dt_mean": null,
          "local_error_max": null
        },
        "dt_adapted": true
      }
    }
  ],
  "latex": {
    "exists": false,
    "size": 0
  },
  "appendix": "auto_appendix.tex"
}