{
  "config_hash": "64ef932f5be16aa9",
  "timestamp": 1759354976.7006388,
  "records": [
    {
      "lattice": [
        8,
        8
      ],
      "disorder": 0.0,
      "gamma_opt": 0.12243225984031854,
      "config_hash": "64ef932f5be16aa9",
      "timestamp": 1759354965.0745528,
      "quality": {
        "trace_ok": true,
        "positivity_ok": true,
        "dt_order": 4.0,
        "dt_order_ok": true,
        "bootstrap_halfwidth": 0.17784905001069282,
        "bootstrap_ok": false,
        "fractal_transport_gap": 0.6210680791207619,
        "fractal_transport_ok": false,
        "min_eig": null,
        "adaptive_dt_rejections": null,
        "local_error_max": null,
        "delta_instanton_valid": null,
        "delta_instanton_ok": null
      },
      "outputs": {
        "returncode": 0,
        "stdout_len": 1296,
        "stderr_len": 0,
        "metrics": {
          "trace_max": 0.0,
          "trace_max_sweep": null,
          "d2": 0.6721895068386368,
          "alpha_d": 2.0514035206596275,
          "fractal_transport_gap": 0.6210680791207619,
          "dt_order": null,
          "bootstrap_halfwidth": 0.17784905001069282,
          "cpu_time": 13.98763132095337,
          "rss": 97513472.0,
          "min_eig": null,
          "neg_eig_count": null,
          "adaptive_dt_rejections": null,
          "adaptive_dt_mean": null,
          "local_error_max": null,
          "logical_fidelity": 0.643330570641862,
          "delta_instanton": null,
          "delta_instanton_S0": null,
          "delta_instanton_valid": null,
          "delta_instanton_omega0": null,
          "wall_time_seconds": 16.329874753952026
        }
      },
      "analysis_ok": true
    }
  ],
  "latex": {
    "exists": true,
    "size": 555453
  },
  "appendix": "auto_appendix.tex",
  "quick_mode": true,
  "task_count": 1,
  "any_failure": false,
  "aggregate_cpu_time": 13.98763132095337,
  "peak_rss_bytes": 97513472.0,
  "aggregate_wall_time": 16.329874753952026,
  "tasks_per_second": 0.061237456812581366,
  "d2_coverage": 1,
  "d2_forced_count": 0,
  "d2_forced_fraction": 0.0,
  "logical_fidelity_mean": 0.643330570641862,
  "logical_fidelity_min": 0.643330570641862,
  "forced_d2_gate_ok": true,
  "logical_fidelity_gate_ok": true
}