{
  "trace_max": 0.0,
  "trace_max_sweep": null,
  "d2": 0.6721895068386368,
  "alpha_d": 2.0514035206596275,
  "fractal_transport_gap": 0.6210680791207619,
  "dt_order": null,
  "bootstrap_halfwidth": 0.17784905001069282,
  "cpu_time": 6.167285680770874,
  "rss": 97419264.0,
  "min_eig": null,
  "neg_eig_count": null,
  "adaptive_dt_rejections": null,
  "adaptive_dt_mean": null,
  "local_error_max": null,
  "logical_fidelity": 0.643330570641862,
  "delta_instanton": null,
  "delta_instanton_S0": null,
  "delta_instanton_valid": null,
  "delta_instanton_omega0": null
}