{
  "timestamp": "2025-12-30T02:10:00Z",
  "baseline":  "main@187b2f8f (includes PR #378)",
  "tier1_prs": {
    "370": {
      "title": "Replace AHTC placeholder stubs with production SVD-based tensor compression",
      "omega":  0.875,
      "rationale": "1 conflict file, 12 reviews, +1427/-103 changes, core functionality",
      "conflicts": 1,
      "reviews": 12,
      "changes": 1530,
      "priority": "HIGH",
      "recommendation": "RESOLVE CONFLICTS IMMEDIATELY - Single file conflict in anti_tensor.py"
    },
    "387": {
      "title": "Phase 4: Advanced quantum gates, WASM pod isolation, and dashboard UI panels",
      "omega": 0.725,
      "rationale": "4 conflict files (qratum_desktop), 25 reviews, +3135/-145 changes",
      "conflicts": 4,
      "reviews": 25,
      "changes": 3280,
      "priority": "MEDIUM",
      "recommendation": "RESOLVE CONFLICTS - 4 files in qratum_desktop module"
    },
    "197": {
      "title": "Code quality improvements:  PEP 8 formatting, documentation cleanup, and syntax error fixes",
      "omega": 0.245,
      "rationale": "19+ conflict files across multiple modules, 8 reviews, +1724/-591 changes",
      "conflicts":  19,
      "reviews":  8,
      "changes":  2315,
      "priority": "LOW",
      "recommendation": "DEFER - Extensive conflicts suggest branch is stale, consider closing and creating fresh PR"
    }
  },
  "convergence_order": [
    {
      "sequence": 1,
      "pr": 370,
      "action": "Resolve 1 conflict in quasim/holo/anti_tensor.py, then merge"
    },
    {
      "sequence": 2,
      "pr": 387,
      "action": "Resolve 4 conflicts in qratum_desktop, then merge"
    },
    {
      "sequence": 3,
      "pr": 197,
      "action": "DEFER or CLOSE - Consider fresh code quality PR after #370 and #387 merge"
    }
  ]
}
