{"additions":1724,"deletions":591,"isDraft":false,"mergeable":"UNKNOWN","number":197,"reviews":[{"id":"PRR_kwDOOs42Vc7VcxdX","author":{"login":"copilot-pull-request-reviewer"},"authorAssociation":"CONTRIBUTOR","body":"## Pull request overview\n\nThis PR adds a blank line after the module docstring in over 300 Python files across the codebase to improve consistency with PEP 8 style guidelines. The changes also include minor formatting adjustments such as import reordering, line breaks for long function signatures, and replacing dictionary comprehensions with `dict.fromkeys()` where appropriate. Additionally, the PR updates the issues report to reflect current code quality metrics and adds a new HTML dashboard for visualizing code quality issues.\n\n### Key Changes\n- Added blank lines after module docstrings across the entire codebase\n- Reformatted long lines and function signatures to improve readability\n- Reordered imports alphabetically in multiple files\n- Updated code quality metrics in `issues-report.md` and added `docs/issues_dashboard.html`\n\n### Reviewed changes\n\nCopilot reviewed 300 out of 371 changed files in this pull request and generated 4 comments.\n\n<details>\n<summary>Show a summary per file</summary>\n\n| File | Description |\r\n| ---- | ----------- |\r\n| Multiple Python files (300+) | Added blank line after module docstring for PEP 8 compliance |\r\n| `issues-report.md` | Updated code quality metrics with current Ruff linting results |\r\n| `docs/issues_dashboard.html` | New interactive dashboard for visualizing code quality issues |\r\n| Multiple `__init__.py` files | Reordered imports alphabetically |\r\n| Multiple files with long lines | Broke long function signatures and dictionary comprehensions into multiple lines |\n</details>\n\n\n\n\n","submittedAt":"2025-12-16T03:40:31Z","includesCreatedEdit":false,"reactionGroups":[],"state":"COMMENTED","commit":{"oid":"d8bc1cb0f76bb4645124494446da4fcf9d097f6f"}},{"id":"PRR_kwDOOs42Vc7WsnYE","author":{"login":"robertringler"},"authorAssociation":"OWNER","body":"","submittedAt":"2025-12-21T21:52:00Z","includesCreatedEdit":false,"reactionGroups":[],"state":"APPROVED","commit":{"oid":"d8bc1cb0f76bb4645124494446da4fcf9d097f6f"}},{"id":"PRR_kwDOOs42Vc7WsnZI","author":{"login":"robertringler"},"authorAssociation":"OWNER","body":"","submittedAt":"2025-12-21T21:52:11Z","includesCreatedEdit":false,"reactionGroups":[],"state":"COMMENTED","commit":{"oid":"d8bc1cb0f76bb4645124494446da4fcf9d097f6f"}},{"id":"PRR_kwDOOs42Vc7Wsnx2","author":{"login":"copilot-swe-agent"},"authorAssociation":"CONTRIBUTOR","body":"","submittedAt":"2025-12-21T21:55:58Z","includesCreatedEdit":false,"reactionGroups":[],"state":"COMMENTED","commit":{"oid":"90ed31c246cc85e52b160b47fddb919719434954"}},{"id":"PRR_kwDOOs42Vc7Wsnx3","author":{"login":"copilot-swe-agent"},"authorAssociation":"CONTRIBUTOR","body":"","submittedAt":"2025-12-21T21:55:58Z","includesCreatedEdit":false,"reactionGroups":[],"state":"COMMENTED","commit":{"oid":"90ed31c246cc85e52b160b47fddb919719434954"}},{"id":"PRR_kwDOOs42Vc7Wsnx4","author":{"login":"copilot-swe-agent"},"authorAssociation":"CONTRIBUTOR","body":"","submittedAt":"2025-12-21T21:55:59Z","includesCreatedEdit":false,"reactionGroups":[],"state":"COMMENTED","commit":{"oid":"90ed31c246cc85e52b160b47fddb919719434954"}},{"id":"PRR_kwDOOs42Vc7WssQ-","author":{"login":"robertringler"},"authorAssociation":"OWNER","body":"","submittedAt":"2025-12-21T22:28:21Z","includesCreatedEdit":false,"reactionGroups":[],"state":"APPROVED","commit":{"oid":"90ed31c246cc85e52b160b47fddb919719434954"}},{"id":"PRR_kwDOOs42Vc7Ws_HS","author":{"login":"robertringler"},"authorAssociation":"OWNER","body":"","submittedAt":"2025-12-22T00:10:40Z","includesCreatedEdit":false,"reactionGroups":[],"state":"APPROVED","commit":{"oid":"8684c5caaadd86de089d4bc2846ad5d34707c01c"}}],"state":"OPEN","title":"Code quality improvements: PEP 8 formatting, documentation cleanup, and syntax error fixes"}
