{"additions":3135,"deletions":145,"isDraft":false,"mergeable":"CONFLICTING","number":387,"reviews":[{"id":"PRR_kwDOOs42Vc7XcbyW","author":{"login":"robertringler"},"authorAssociation":"OWNER","body":"","submittedAt":"2025-12-28T06:59:36Z","includesCreatedEdit":false,"reactionGroups":[],"state":"APPROVED","commit":{"oid":"24b0aca17f5423b7271f05dcd58908c4816b7859"}},{"id":"PRR_kwDOOs42Vc7Xcb_S","author":{"login":"chatgpt-codex-connector"},"authorAssociation":"NONE","body":"\n### 💡 Codex Review\n\nHere are some automated review suggestions for this pull request.\n    \n\n<details> <summary>ℹ️ About Codex in GitHub</summary>\n<br/>\n\n[Your team has set up Codex to review pull requests in this repo](http://chatgpt.com/codex/settings/general). Reviews are triggered when you\n- Open a pull request for review\n- Mark a draft as ready\n- Comment \"@codex review\".\n\nIf Codex has suggestions, it will comment; otherwise it will react with 👍.\n\n\n\n\nCodex can also answer questions or update the PR. Try commenting \"@codex address that feedback\".\n            \n</details>","submittedAt":"2025-12-28T07:03:16Z","includesCreatedEdit":false,"reactionGroups":[],"state":"COMMENTED","commit":{"oid":"24b0aca17f5423b7271f05dcd58908c4816b7859"}},{"id":"PRR_kwDOOs42Vc7XccA5","author":{"login":"copilot-pull-request-reviewer"},"authorAssociation":"CONTRIBUTOR","body":"## Pull request overview\n\nThis PR implements Phase 4 of QRATUM Desktop, expanding the quantum simulation and code generation capabilities with advanced quantum gates, WASM pod isolation architecture, and interactive dashboard panels.\n\n**Summary**: The PR adds sophisticated quantum computing features including Phase (S), T, and Toffoli gates, completing the universal quantum gate set. It introduces a WASM pod isolation system for sandboxed execution and provides rich UI panels for quantum circuit simulation and deterministic code generation (DCGE).\n\n**Key Changes**:\n- Advanced quantum gates (Phase/S, T, Toffoli/CCNOT) with inline matrix implementations\n- Complete Pauli gate set (Y, Z) added to existing X gate\n- WASM pod isolation structures with memory limits (OSSupreme: 64KB, MiniQuASIM: 2MB, MiniLM: 8MB)\n- Interactive quantum simulation panel with 12-qubit visualization\n- DCGE code generation panel with AST/IR views and benchmark comparisons\n\n### Reviewed changes\n\nCopilot reviewed 9 out of 9 changed files in this pull request and generated 14 comments.\n\n<details>\n<summary>Show a summary per file</summary>\n\n| File | Description |\r\n| ---- | ----------- |\r\n| `qratum_desktop/src-tauri/src/qr_os_supreme/mod.rs` | Core quantum gate implementations, WASM pod structures, and comprehensive unit tests for Phase 4 features |\r\n| `qratum_desktop/src-tauri/src/commands.rs` | Tauri command layer for gate operations, quantum circuits, and pod management |\r\n| `qratum_desktop/src-tauri/src/main.rs` | Registration of new Phase 4 Tauri commands |\r\n| `qratum_desktop/src/index.html` | Tauri desktop app UI with quantum simulation, pod status, and metrics panels |\r\n| `dashboard/index.html` | Web dashboard with comprehensive quantum and DCGE panels |\r\n| `dashboard/assets/js/quantum-panel.js` | Quantum simulation UI logic with gate application and state visualization |\r\n| `dashboard/assets/js/codegen-panel.js` | Code generation panel with multi-language support and AST/IR display |\r\n| `dashboard/assets/js/dashboard.js` | Global toast notification exposure for Phase 4 panels |\r\n| `dashboard/assets/css/phase4-panels.css` | Comprehensive styling for quantum and code generation panels |\n</details>\n\n\n\n\n","submittedAt":"2025-12-28T07:03:49Z","includesCreatedEdit":false,"reactionGroups":[],"state":"COMMENTED","commit":{"oid":"24b0aca17f5423b7271f05dcd58908c4816b7859"}},{"id":"PRR_kwDOOs42Vc7XccDy","author":{"login":"robertringler"},"authorAssociation":"OWNER","body":"","submittedAt":"2025-12-28T07:04:33Z","includesCreatedEdit":false,"reactionGroups":[],"state":"COMMENTED","commit":{"oid":"24b0aca17f5423b7271f05dcd58908c4816b7859"}},{"id":"PRR_kwDOOs42Vc7XccRd","author":{"login":"copilot-swe-agent"},"authorAssociation":"CONTRIBUTOR","body":"","submittedAt":"2025-12-28T07:08:04Z","includesCreatedEdit":false,"reactionGroups":[],"state":"COMMENTED","commit":{"oid":"490d603a1a460a0882881f326532483833c15afa"}},{"id":"PRR_kwDOOs42Vc7XccRe","author":{"login":"copilot-swe-agent"},"authorAssociation":"CONTRIBUTOR","body":"","submittedAt":"2025-12-28T07:08:04Z","includesCreatedEdit":false,"reactionGroups":[],"state":"COMMENTED","commit":{"oid":"490d603a1a460a0882881f326532483833c15afa"}},{"id":"PRR_kwDOOs42Vc7XccRf","author":{"login":"copilot-swe-agent"},"authorAssociation":"CONTRIBUTOR","body":"","submittedAt":"2025-12-28T07:08:04Z","includesCreatedEdit":false,"reactionGroups":[],"state":"COMMENTED","commit":{"oid":"490d603a1a460a0882881f326532483833c15afa"}},{"id":"PRR_kwDOOs42Vc7XccRg","author":{"login":"copilot-swe-agent"},"authorAssociation":"CONTRIBUTOR","body":"","submittedAt":"2025-12-28T07:08:04Z","includesCreatedEdit":false,"reactionGroups":[],"state":"COMMENTED","commit":{"oid":"490d603a1a460a0882881f326532483833c15afa"}},{"id":"PRR_kwDOOs42Vc7XccRh","author":{"login":"copilot-swe-agent"},"authorAssociation":"CONTRIBUTOR","body":"","submittedAt":"2025-12-28T07:08:04Z","includesCreatedEdit":false,"reactionGroups":[],"state":"COMMENTED","commit":{"oid":"490d603a1a460a0882881f326532483833c15afa"}},{"id":"PRR_kwDOOs42Vc7XccRi","author":{"login":"copilot-swe-agent"},"authorAssociation":"CONTRIBUTOR","body":"","submittedAt":"2025-12-28T07:08:04Z","includesCreatedEdit":false,"reactionGroups":[],"state":"COMMENTED","commit":{"oid":"490d603a1a460a0882881f326532483833c15afa"}},{"id":"PRR_kwDOOs42Vc7XccRj","author":{"login":"copilot-swe-agent"},"authorAssociation":"CONTRIBUTOR","body":"","submittedAt":"2025-12-28T07:08:04Z","includesCreatedEdit":false,"reactionGroups":[],"state":"COMMENTED","commit":{"oid":"490d603a1a460a0882881f326532483833c15afa"}},{"id":"PRR_kwDOOs42Vc7XccRk","author":{"login":"copilot-swe-agent"},"authorAssociation":"CONTRIBUTOR","body":"","submittedAt":"2025-12-28T07:08:04Z","includesCreatedEdit":false,"reactionGroups":[],"state":"COMMENTED","commit":{"oid":"490d603a1a460a0882881f326532483833c15afa"}},{"id":"PRR_kwDOOs42Vc7XccRl","author":{"login":"copilot-swe-agent"},"authorAssociation":"CONTRIBUTOR","body":"","submittedAt":"2025-12-28T07:08:04Z","includesCreatedEdit":false,"reactionGroups":[],"state":"COMMENTED","commit":{"oid":"490d603a1a460a0882881f326532483833c15afa"}},{"id":"PRR_kwDOOs42Vc7XccRn","author":{"login":"copilot-swe-agent"},"authorAssociation":"CONTRIBUTOR","body":"","submittedAt":"2025-12-28T07:08:04Z","includesCreatedEdit":false,"reactionGroups":[],"state":"COMMENTED","commit":{"oid":"490d603a1a460a0882881f326532483833c15afa"}},{"id":"PRR_kwDOOs42Vc7XccRo","author":{"login":"copilot-swe-agent"},"authorAssociation":"CONTRIBUTOR","body":"","submittedAt":"2025-12-28T07:08:04Z","includesCreatedEdit":false,"reactionGroups":[],"state":"COMMENTED","commit":{"oid":"490d603a1a460a0882881f326532483833c15afa"}},{"id":"PRR_kwDOOs42Vc7XccRp","author":{"login":"copilot-swe-agent"},"authorAssociation":"CONTRIBUTOR","body":"","submittedAt":"2025-12-28T07:08:04Z","includesCreatedEdit":false,"reactionGroups":[],"state":"COMMENTED","commit":{"oid":"490d603a1a460a0882881f326532483833c15afa"}},{"id":"PRR_kwDOOs42Vc7Xcc2u","author":{"login":"robertringler"},"authorAssociation":"OWNER","body":"","submittedAt":"2025-12-28T07:19:14Z","includesCreatedEdit":false,"reactionGroups":[],"state":"APPROVED","commit":{"oid":"490d603a1a460a0882881f326532483833c15afa"}},{"id":"PRR_kwDOOs42Vc7Xcc4j","author":{"login":"robertringler"},"authorAssociation":"OWNER","body":"","submittedAt":"2025-12-28T07:19:44Z","includesCreatedEdit":false,"reactionGroups":[],"state":"COMMENTED","commit":{"oid":"24b0aca17f5423b7271f05dcd58908c4816b7859"}},{"id":"PRR_kwDOOs42Vc7Xcc_2","author":{"login":"copilot-swe-agent"},"authorAssociation":"CONTRIBUTOR","body":"","submittedAt":"2025-12-28T07:21:46Z","includesCreatedEdit":false,"reactionGroups":[],"state":"COMMENTED","commit":{"oid":"c766e92a96168bc2733d4810d0ef976cbd073577"}},{"id":"PRR_kwDOOs42Vc7Xdqtv","author":{"login":"robertringler"},"authorAssociation":"OWNER","body":"","submittedAt":"2025-12-28T23:47:33Z","includesCreatedEdit":false,"reactionGroups":[],"state":"APPROVED","commit":{"oid":"c766e92a96168bc2733d4810d0ef976cbd073577"}},{"id":"PRR_kwDOOs42Vc7XdqwP","author":{"login":"robertringler"},"authorAssociation":"OWNER","body":"","submittedAt":"2025-12-28T23:48:23Z","includesCreatedEdit":false,"reactionGroups":[],"state":"COMMENTED","commit":{"oid":"c766e92a96168bc2733d4810d0ef976cbd073577"}},{"id":"PRR_kwDOOs42Vc7Xdq0s","author":{"login":"robertringler"},"authorAssociation":"OWNER","body":"","submittedAt":"2025-12-28T23:49:24Z","includesCreatedEdit":false,"reactionGroups":[],"state":"COMMENTED","commit":{"oid":"c766e92a96168bc2733d4810d0ef976cbd073577"}},{"id":"PRR_kwDOOs42Vc7Xdq5k","author":{"login":"copilot-swe-agent"},"authorAssociation":"CONTRIBUTOR","body":"","submittedAt":"2025-12-28T23:50:35Z","includesCreatedEdit":false,"reactionGroups":[],"state":"COMMENTED","commit":{"oid":"ac65a47fd1bb7d878393cb95c2784fdb83e58caa"}},{"id":"PRR_kwDOOs42Vc7XdrHW","author":{"login":"copilot-swe-agent"},"authorAssociation":"CONTRIBUTOR","body":"","submittedAt":"2025-12-28T23:53:46Z","includesCreatedEdit":false,"reactionGroups":[],"state":"COMMENTED","commit":{"oid":"86f68bfd60232e7ebee1070ab5742d4b0b9ea9a1"}},{"id":"PRR_kwDOOs42Vc7XkuyX","author":{"login":"robertringler"},"authorAssociation":"OWNER","body":"","submittedAt":"2025-12-29T20:51:40Z","includesCreatedEdit":false,"reactionGroups":[],"state":"APPROVED","commit":{"oid":"86f68bfd60232e7ebee1070ab5742d4b0b9ea9a1"}},{"id":"PRR_kwDOOs42Vc7XmOLp","author":{"login":"robertringler"},"authorAssociation":"OWNER","body":"/update-branch","submittedAt":"2025-12-30T02:06:46Z","includesCreatedEdit":false,"reactionGroups":[],"state":"COMMENTED","commit":{"oid":"86f68bfd60232e7ebee1070ab5742d4b0b9ea9a1"}}],"state":"OPEN","title":"Phase 4: Advanced quantum gates, WASM pod isolation, and dashboard UI panels"}
