{
  "config_hash": "2928d32c1e16faf3",
  "timestamp": 1759342884.967953,
  "records": [
    {
      "lattice": [
        8,
        8
      ],
      "disorder": 0.0,
      "gamma_opt": 0.12243225984031854,
      "config_hash": "2928d32c1e16faf3",
      "timestamp": 1759342869.918634,
      "quality": {
        "trace_ok": true,
        "positivity_ok": true,
        "dt_order": 4.0,
        "dt_order_ok": true,
        "bootstrap_halfwidth": 0.01,
        "bootstrap_ok": true,
        "fractal_transport_gap": null,
        "fractal_transport_ok": null,
        "min_eig": null,
        "adaptive_dt_rejections": null,
        "local_error_max": null
      },
      "outputs": {
        "returncode": 0,
        "stdout_len": 304,
        "stderr_len": 0,
        "metrics": {
          "trace_max": 0.0,
          "trace_max_sweep": null,
          "d2": null,
          "alpha_d": null,
          "fractal_transport_gap": null,
          "dt_order": null,
          "bootstrap_halfwidth": null,
          "cpu_time": 1.146838903427124,
          "rss": 78245888.0,
          "min_eig": null,
          "neg_eig_count": null,
          "adaptive_dt_rejections": null,
          "adaptive_dt_mean": null,
          "local_error_max": null
        }
      },
      "analysis_ok": true
    }
  ],
  "latex": {
    "exists": true,
    "size": 526214
  },
  "appendix": "auto_appendix.tex",
  "quick_mode": true,
  "task_count": 1,
  "any_failure": false,
  "aggregate_cpu_time": 1.146838903427124,
  "peak_rss_bytes": 78245888.0,
  "aggregate_wall_time": null,
  "tasks_per_second": null
}