{
  "config_hash": "b652ff002c7806b6",
  "timestamp": 1759540598.960498,
  "records": [
    {
      "lattice": [
        16,
        16
      ],
      "disorder": 0.0,
      "gamma_opt": 0.03196787306783196,
      "config_hash": "b652ff002c7806b6",
      "timestamp": 1759540407.4702563,
      "quality": {
        "trace_ok": null,
        "positivity_ok": true,
        "dt_order": 4.0,
        "dt_order_ok": true,
        "bootstrap_halfwidth": 0.01,
        "bootstrap_ok": true,
        "fractal_transport_gap": null,
        "fractal_transport_ok": null,
        "min_eig": null,
        "adaptive_dt_rejections": null,
        "local_error_max": null,
        "delta_instanton_valid": null,
        "delta_instanton_ok": null
      },
      "outputs": {
        "returncode": -9,
        "timeout": true,
        "metrics": {},
        "dt_adapted": true
      },
      "analysis_ok": false
    },
    {
      "lattice": [
        16,
        16
      ],
      "disorder": 0.2,
      "gamma_opt": 0.03196787306783196,
      "config_hash": "b652ff002c7806b6",
      "timestamp": 1759540587.5469966,
      "quality": {
        "trace_ok": null,
        "positivity_ok": true,
        "dt_order": 4.0,
        "dt_order_ok": true,
        "bootstrap_halfwidth": 0.01,
        "bootstrap_ok": true,
        "fractal_transport_gap": null,
        "fractal_transport_ok": null,
        "min_eig": null,
        "adaptive_dt_rejections": null,
        "local_error_max": null,
        "delta_instanton_valid": null,
        "delta_instanton_ok": null
      },
      "outputs": {
        "returncode": -9,
        "timeout": true,
        "metrics": {},
        "dt_adapted": true
      },
      "analysis_ok": false
    }
  ],
  "latex": {
    "exists": true,
    "size": 557502
  },
  "appendix": "auto_appendix.tex",
  "quick_mode": false,
  "task_count": 2,
  "any_failure": true,
  "aggregate_cpu_time": 0.0,
  "peak_rss_bytes": 0.0,
  "aggregate_wall_time": null,
  "tasks_per_second": null,
  "d2_coverage": 0,
  "d2_forced_count": 0,
  "d2_forced_fraction": null,
  "forced_d2_gate_ok": null,
  "logical_fidelity_gate_ok": null
}