{
  "config_hash": "1cc29a8340f14dee",
  "timestamp": 1759294890.2512028,
  "records": [
    {
      "lattice": [
        8,
        8
      ],
      "disorder": 0.0,
      "gamma_opt": 0.1,
      "config_hash": "1cc29a8340f14dee",
      "timestamp": 1759294121.3336453,
      "quality": {
        "trace_ok": true,
        "positivity_ok": true,
        "dt_order": 4.0,
        "dt_order_ok": true,
        "bootstrap_halfwidth": 0.08901430635088604,
        "bootstrap_ok": false,
        "fractal_transport_gap": null,
        "fractal_transport_ok": null,
        "min_eig": null,
        "adaptive_dt_rejections": null,
        "local_error_max": null
      },
      "outputs": {
        "returncode": 0,
        "stdout_len": 1945,
        "stderr_len": 317,
        "metrics": {
          "trace_max": 0.0,
          "trace_max_sweep": null,
          "d2": 0.6171742649613897,
          "alpha_d": null,
          "fractal_transport_gap": null,
          "dt_order": null,
          "bootstrap_halfwidth": 0.08901430635088604,
          "cpu_time": 316.25165033340454,
          "rss": 94679040.0,
          "min_eig": null,
          "neg_eig_count": null,
          "adaptive_dt_rejections": null,
          "adaptive_dt_mean": null,
          "local_error_max": null
        }
      }
    },
    {
      "lattice": [
        8,
        8
      ],
      "disorder": 0.1,
      "gamma_opt": 0.1,
      "config_hash": "1cc29a8340f14dee",
      "timestamp": 1759294132.1743705,
      "quality": {
        "trace_ok": true,
        "positivity_ok": true,
        "dt_order": 4.0,
        "dt_order_ok": true,
        "bootstrap_halfwidth": 0.01,
        "bootstrap_ok": true,
        "fractal_transport_gap": null,
        "fractal_transport_ok": null,
        "min_eig": null,
        "adaptive_dt_rejections": null,
        "local_error_max": null
      },
      "outputs": {
        "returncode": 0,
        "stdout_len": 885,
        "stderr_len": 0,
        "metrics": {
          "trace_max": 0.0,
          "trace_max_sweep": null,
          "d2": null,
          "alpha_d": null,
          "fractal_transport_gap": null,
          "dt_order": null,
          "bootstrap_halfwidth": null,
          "cpu_time": 9.325393915176392,
          "rss": 77307904.0,
          "min_eig": null,
          "neg_eig_count": null,
          "adaptive_dt_rejections": null,
          "adaptive_dt_mean": null,
          "local_error_max": null
        }
      }
    },
    {
      "lattice": [
        8,
        8
      ],
      "disorder": 0.2,
      "gamma_opt": 0.1,
      "config_hash": "1cc29a8340f14dee",
      "timestamp": 1759294144.2155595,
      "quality": {
        "trace_ok": true,
        "positivity_ok": true,
        "dt_order": 4.0,
        "dt_order_ok": true,
        "bootstrap_halfwidth": 0.01,
        "bootstrap_ok": true,
        "fractal_transport_gap": null,
        "fractal_transport_ok": null,
        "min_eig": null,
        "adaptive_dt_rejections": null,
        "local_error_max": null
      },
      "outputs": {
        "returncode": 0,
        "stdout_len": 883,
        "stderr_len": 0,
        "metrics": {
          "trace_max": 0.0,
          "trace_max_sweep": null,
          "d2": null,
          "alpha_d": null,
          "fractal_transport_gap": null,
          "dt_order": null,
          "bootstrap_halfwidth": null,
          "cpu_time": 9.7700674533844,
          "rss": 76640256.0,
          "min_eig": null,
          "neg_eig_count": null,
          "adaptive_dt_rejections": null,
          "adaptive_dt_mean": null,
          "local_error_max": null
        }
      }
    },
    {
      "lattice": [
        12,
        12
      ],
      "disorder": 0.0,
      "gamma_opt": 0.1,
      "config_hash": "1cc29a8340f14dee",
      "timestamp": 1759294195.3157735,
      "quality": {
        "trace_ok": true,
        "positivity_ok": true,
        "dt_order": 4.0,
        "dt_order_ok": true,
        "bootstrap_halfwidth": 0.01,
        "bootstrap_ok": true,
        "fractal_transport_gap": null,
        "fractal_transport_ok": null,
        "min_eig": null,
        "adaptive_dt_rejections": null,
        "local_error_max": null
      },
      "outputs": {
        "returncode": 0,
        "stdout_len": 892,
        "stderr_len": 0,
        "metrics": {
          "trace_max": 0.0,
          "trace_max_sweep": null,
          "d2": null,
          "alpha_d": null,
          "fractal_transport_gap": null,
          "dt_order": null,
          "bootstrap_halfwidth": null,
          "cpu_time": 49.7203893661499,
          "rss": 77758464.0,
          "min_eig": null,
          "neg_eig_count": null,
          "adaptive_dt_rejections": null,
          "adaptive_dt_mean": null,
          "local_error_max": null
        }
      }
    },
    {
      "lattice": [
        12,
        12
      ],
      "disorder": 0.1,
      "gamma_opt": 0.1,
      "config_hash": "1cc29a8340f14dee",
      "timestamp": 1759294242.0559604,
      "quality": {
        "trace_ok": true,
        "positivity_ok": true,
        "dt_order": 4.0,
        "dt_order_ok": true,
        "bootstrap_halfwidth": 0.01,
        "bootstrap_ok": true,
        "fractal_transport_gap": null,
        "fractal_transport_ok": null,
        "min_eig": null,
        "adaptive_dt_rejections": null,
        "local_error_max": null
      },
      "outputs": {
        "returncode": 0,
        "stdout_len": 899,
        "stderr_len": 0,
        "metrics": {
          "trace_max": 0.0,
          "trace_max_sweep": null,
          "d2": null,
          "alpha_d": null,
          "fractal_transport_gap": null,
          "dt_order": null,
          "bootstrap_halfwidth": null,
          "cpu_time": 44.70505881309509,
          "rss": 77688832.0,
          "min_eig": null,
          "neg_eig_count": null,
          "adaptive_dt_rejections": null,
          "adaptive_dt_mean": null,
          "local_error_max": null
        }
      }
    },
    {
      "lattice": [
        12,
        12
      ],
      "disorder": 0.2,
      "gamma_opt": 0.1,
      "config_hash": "1cc29a8340f14dee",
      "timestamp": 1759294305.8917887,
      "quality": {
        "trace_ok": true,
        "positivity_ok": true,
        "dt_order": 4.0,
        "dt_order_ok": true,
        "bootstrap_halfwidth": 0.01,
        "bootstrap_ok": true,
        "fractal_transport_gap": null,
        "fractal_transport_ok": null,
        "min_eig": null,
        "adaptive_dt_rejections": null,
        "local_error_max": null
      },
      "outputs": {
        "returncode": 0,
        "stdout_len": 900,
        "stderr_len": 0,
        "metrics": {
          "trace_max": 0.0,
          "trace_max_sweep": null,
          "d2": null,
          "alpha_d": null,
          "fractal_transport_gap": null,
          "dt_order": null,
          "bootstrap_halfwidth": null,
          "cpu_time": 60.606942653656006,
          "rss": 77836288.0,
          "min_eig": null,
          "neg_eig_count": null,
          "adaptive_dt_rejections": null,
          "adaptive_dt_mean": null,
          "local_error_max": null
        }
      }
    },
    {
      "lattice": [
        16,
        16
      ],
      "disorder": 0.0,
      "gamma_opt": 0.1,
      "config_hash": "1cc29a8340f14dee",
      "timestamp": 1759294480.7704952,
      "quality": {
        "trace_ok": true,
        "positivity_ok": true,
        "dt_order": 4.0,
        "dt_order_ok": true,
        "bootstrap_halfwidth": 0.01,
        "bootstrap_ok": true,
        "fractal_transport_gap": null,
        "fractal_transport_ok": null,
        "min_eig": null,
        "adaptive_dt_rejections": null,
        "local_error_max": null
      },
      "outputs": {
        "returncode": 0,
        "stdout_len": 893,
        "stderr_len": 0,
        "metrics": {
          "trace_max": 0.0,
          "trace_max_sweep": null,
          "d2": null,
          "alpha_d": null,
          "fractal_transport_gap": null,
          "dt_order": null,
          "bootstrap_halfwidth": null,
          "cpu_time": 173.4930760860443,
          "rss": 78172160.0,
          "min_eig": null,
          "neg_eig_count": null,
          "adaptive_dt_rejections": null,
          "adaptive_dt_mean": null,
          "local_error_max": null
        }
      }
    },
    {
      "lattice": [
        16,
        16
      ],
      "disorder": 0.1,
      "gamma_opt": 0.1,
      "config_hash": "1cc29a8340f14dee",
      "timestamp": 1759294673.621366,
      "quality": {
        "trace_ok": true,
        "positivity_ok": true,
        "dt_order": 4.0,
        "dt_order_ok": true,
        "bootstrap_halfwidth": 0.01,
        "bootstrap_ok": true,
        "fractal_transport_gap": null,
        "fractal_transport_ok": null,
        "min_eig": null,
        "adaptive_dt_rejections": null,
        "local_error_max": null
      },
      "outputs": {
        "returncode": 0,
        "stdout_len": 899,
        "stderr_len": 0,
        "metrics": {
          "trace_max": 0.0,
          "trace_max_sweep": null,
          "d2": null,
          "alpha_d": null,
          "fractal_transport_gap": null,
          "dt_order": null,
          "bootstrap_halfwidth": null,
          "cpu_time": 191.3702118396759,
          "rss": 78221312.0,
          "min_eig": null,
          "neg_eig_count": null,
          "adaptive_dt_rejections": null,
          "adaptive_dt_mean": null,
          "local_error_max": null
        }
      }
    },
    {
      "lattice": [
        16,
        16
      ],
      "disorder": 0.2,
      "gamma_opt": 0.1,
      "config_hash": "1cc29a8340f14dee",
      "timestamp": 1759294868.4602864,
      "quality": {
        "trace_ok": true,
        "positivity_ok": true,
        "dt_order": 4.0,
        "dt_order_ok": true,
        "bootstrap_halfwidth": 0.01,
        "bootstrap_ok": true,
        "fractal_transport_gap": null,
        "fractal_transport_ok": null,
        "min_eig": null,
        "adaptive_dt_rejections": null,
        "local_error_max": null
      },
      "outputs": {
        "returncode": 0,
        "stdout_len": 900,
        "stderr_len": 0,
        "metrics": {
          "trace_max": 0.0,
          "trace_max_sweep": null,
          "d2": null,
          "alpha_d": null,
          "fractal_transport_gap": null,
          "dt_order": null,
          "bootstrap_halfwidth": null,
          "cpu_time": 193.34467458724976,
          "rss": 78221312.0,
          "min_eig": null,
          "neg_eig_count": null,
          "adaptive_dt_rejections": null,
          "adaptive_dt_mean": null,
          "local_error_max": null
        }
      }
    }
  ],
  "latex": {
    "exists": true,
    "size": 522568
  },
  "appendix": "auto_appendix.tex"
}