{
  "config_hash": "5e6c251dd00526fa",
  "timestamp": 1759343854.5439062,
  "records": [
    {
      "lattice": [
        8,
        8
      ],
      "disorder": 0.0,
      "gamma_opt": 0.12243225984031854,
      "config_hash": "5e6c251dd00526fa",
      "timestamp": 1759343843.8873348,
      "quality": {
        "trace_ok": true,
        "positivity_ok": true,
        "dt_order": 4.0,
        "dt_order_ok": true,
        "bootstrap_halfwidth": 0.01,
        "bootstrap_ok": true,
        "fractal_transport_gap": null,
        "fractal_transport_ok": null,
        "min_eig": null,
        "adaptive_dt_rejections": null,
        "local_error_max": null
      },
      "outputs": {
        "returncode": 0,
        "stdout_len": 615,
        "stderr_len": 0,
        "metrics": {
          "trace_max": 0.0,
          "trace_max_sweep": null,
          "d2": 0.4635847878171783,
          "alpha_d": null,
          "fractal_transport_gap": null,
          "dt_order": null,
          "bootstrap_halfwidth": 0.0,
          "cpu_time": 1.4975311756134033,
          "rss": 85200896.0,
          "min_eig": null,
          "neg_eig_count": null,
          "adaptive_dt_rejections": null,
          "adaptive_dt_mean": null,
          "local_error_max": null,
          "wall_time_seconds": 3.8417134284973145
        }
      },
      "analysis_ok": true
    }
  ],
  "latex": {
    "exists": true,
    "size": 530051
  },
  "appendix": "auto_appendix.tex",
  "quick_mode": true,
  "task_count": 1,
  "any_failure": false,
  "aggregate_cpu_time": 1.4975311756134033,
  "peak_rss_bytes": 85200896.0,
  "aggregate_wall_time": 3.8417134284973145,
  "tasks_per_second": 0.26030051918556296
}