{
  "config_hash": "1cc29a8340f14dee",
  "timestamp": 1759104224.5646093,
  "records": [
    {
      "lattice": [
        8,
        8
      ],
      "disorder": 0.0,
      "gamma_opt": 0.1,
      "config_hash": "1cc29a8340f14dee",
      "timestamp": 1759104197.291878,
      "quality": {
        "trace_ok": null,
        "positivity_ok": true,
        "dt_order": 4.0,
        "dt_order_ok": true,
        "bootstrap_halfwidth": 0.01,
        "bootstrap_ok": true,
        "fractal_transport_gap": null,
        "fractal_transport_ok": null,
        "min_eig": null,
        "adaptive_dt_rejections": null,
        "local_error_max": null
      },
      "outputs": {
        "returncode": 1,
        "stdout_len": 0,
        "stderr_len": 795,
        "metrics": {
          "trace_max": null,
          "trace_max_sweep": null,
          "d2": null,
          "alpha_d": null,
          "fractal_transport_gap": null,
          "dt_order": null,
          "bootstrap_halfwidth": null,
          "cpu_time": null,
          "rss": null,
          "min_eig": null,
          "neg_eig_count": null,
          "adaptive_dt_rejections": null,
          "adaptive_dt_mean": null,
          "local_error_max": null
        },
        "dt_adapted": true
      }
    },
    {
      "lattice": [
        8,
        8
      ],
      "disorder": 0.1,
      "gamma_opt": 0.1,
      "config_hash": "1cc29a8340f14dee",
      "timestamp": 1759104199.571504,
      "quality": {
        "trace_ok": null,
        "positivity_ok": true,
        "dt_order": 4.0,
        "dt_order_ok": true,
        "bootstrap_halfwidth": 0.01,
        "bootstrap_ok": true,
        "fractal_transport_gap": null,
        "fractal_transport_ok": null,
        "min_eig": null,
        "adaptive_dt_rejections": null,
        "local_error_max": null
      },
      "outputs": {
        "returncode": 1,
        "stdout_len": 0,
        "stderr_len": 795,
        "metrics": {
          "trace_max": null,
          "trace_max_sweep": null,
          "d2": null,
          "alpha_d": null,
          "fractal_transport_gap": null,
          "dt_order": null,
          "bootstrap_halfwidth": null,
          "cpu_time": null,
          "rss": null,
          "min_eig": null,
          "neg_eig_count": null,
          "adaptive_dt_rejections": null,
          "adaptive_dt_mean": null,
          "local_error_max": null
        },
        "dt_adapted": true
      }
    },
    {
      "lattice": [
        8,
        8
      ],
      "disorder": 0.2,
      "gamma_opt": 0.1,
      "config_hash": "1cc29a8340f14dee",
      "timestamp": 1759104201.9460104,
      "quality": {
        "trace_ok": null,
        "positivity_ok": true,
        "dt_order": 4.0,
        "dt_order_ok": true,
        "bootstrap_halfwidth": 0.01,
        "bootstrap_ok": true,
        "fractal_transport_gap": null,
        "fractal_transport_ok": null,
        "min_eig": null,
        "adaptive_dt_rejections": null,
        "local_error_max": null
      },
      "outputs": {
        "returncode": 1,
        "stdout_len": 0,
        "stderr_len": 795,
        "metrics": {
          "trace_max": null,
          "trace_max_sweep": null,
          "d2": null,
          "alpha_d": null,
          "fractal_transport_gap": null,
          "dt_order": null,
          "bootstrap_halfwidth": null,
          "cpu_time": null,
          "rss": null,
          "min_eig": null,
          "neg_eig_count": null,
          "adaptive_dt_rejections": null,
          "adaptive_dt_mean": null,
          "local_error_max": null
        },
        "dt_adapted": true
      }
    },
    {
      "lattice": [
        12,
        12
      ],
      "disorder": 0.0,
      "gamma_opt": 0.1,
      "config_hash": "1cc29a8340f14dee",
      "timestamp": 1759104204.2445953,
      "quality": {
        "trace_ok": null,
        "positivity_ok": true,
        "dt_order": 4.0,
        "dt_order_ok": true,
        "bootstrap_halfwidth": 0.01,
        "bootstrap_ok": true,
        "fractal_transport_gap": null,
        "fractal_transport_ok": null,
        "min_eig": null,
        "adaptive_dt_rejections": null,
        "local_error_max": null
      },
      "outputs": {
        "returncode": 1,
        "stdout_len": 0,
        "stderr_len": 795,
        "metrics": {
          "trace_max": null,
          "trace_max_sweep": null,
          "d2": null,
          "alpha_d": null,
          "fractal_transport_gap": null,
          "dt_order": null,
          "bootstrap_halfwidth": null,
          "cpu_time": null,
          "rss": null,
          "min_eig": null,
          "neg_eig_count": null,
          "adaptive_dt_rejections": null,
          "adaptive_dt_mean": null,
          "local_error_max": null
        },
        "dt_adapted": true
      }
    },
    {
      "lattice": [
        12,
        12
      ],
      "disorder": 0.1,
      "gamma_opt": 0.1,
      "config_hash": "1cc29a8340f14dee",
      "timestamp": 1759104206.7985687,
      "quality": {
        "trace_ok": null,
        "positivity_ok": true,
        "dt_order": 4.0,
        "dt_order_ok": true,
        "bootstrap_halfwidth": 0.01,
        "bootstrap_ok": true,
        "fractal_transport_gap": null,
        "fractal_transport_ok": null,
        "min_eig": null,
        "adaptive_dt_rejections": null,
        "local_error_max": null
      },
      "outputs": {
        "returncode": 1,
        "stdout_len": 0,
        "stderr_len": 795,
        "metrics": {
          "trace_max": null,
          "trace_max_sweep": null,
          "d2": null,
          "alpha_d": null,
          "fractal_transport_gap": null,
          "dt_order": null,
          "bootstrap_halfwidth": null,
          "cpu_time": null,
          "rss": null,
          "min_eig": null,
          "neg_eig_count": null,
          "adaptive_dt_rejections": null,
          "adaptive_dt_mean": null,
          "local_error_max": null
        },
        "dt_adapted": true
      }
    },
    {
      "lattice": [
        12,
        12
      ],
      "disorder": 0.2,
      "gamma_opt": 0.1,
      "config_hash": "1cc29a8340f14dee",
      "timestamp": 1759104209.4290128,
      "quality": {
        "trace_ok": null,
        "positivity_ok": true,
        "dt_order": 4.0,
        "dt_order_ok": true,
        "bootstrap_halfwidth": 0.01,
        "bootstrap_ok": true,
        "fractal_transport_gap": null,
        "fractal_transport_ok": null,
        "min_eig": null,
        "adaptive_dt_rejections": null,
        "local_error_max": null
      },
      "outputs": {
        "returncode": 1,
        "stdout_len": 0,
        "stderr_len": 795,
        "metrics": {
          "trace_max": null,
          "trace_max_sweep": null,
          "d2": null,
          "alpha_d": null,
          "fractal_transport_gap": null,
          "dt_order": null,
          "bootstrap_halfwidth": null,
          "cpu_time": null,
          "rss": null,
          "min_eig": null,
          "neg_eig_count": null,
          "adaptive_dt_rejections": null,
          "adaptive_dt_mean": null,
          "local_error_max": null
        },
        "dt_adapted": true
      }
    },
    {
      "lattice": [
        16,
        16
      ],
      "disorder": 0.0,
      "gamma_opt": 0.1,
      "config_hash": "1cc29a8340f14dee",
      "timestamp": 1759104211.6786008,
      "quality": {
        "trace_ok": null,
        "positivity_ok": true,
        "dt_order": 4.0,
        "dt_order_ok": true,
        "bootstrap_halfwidth": 0.01,
        "bootstrap_ok": true,
        "fractal_transport_gap": null,
        "fractal_transport_ok": null,
        "min_eig": null,
        "adaptive_dt_rejections": null,
        "local_error_max": null
      },
      "outputs": {
        "returncode": 1,
        "stdout_len": 0,
        "stderr_len": 795,
        "metrics": {
          "trace_max": null,
          "trace_max_sweep": null,
          "d2": null,
          "alpha_d": null,
          "fractal_transport_gap": null,
          "dt_order": null,
          "bootstrap_halfwidth": null,
          "cpu_time": null,
          "rss": null,
          "min_eig": null,
          "neg_eig_count": null,
          "adaptive_dt_rejections": null,
          "adaptive_dt_mean": null,
          "local_error_max": null
        },
        "dt_adapted": true
      }
    },
    {
      "lattice": [
        16,
        16
      ],
      "disorder": 0.1,
      "gamma_opt": 0.1,
      "config_hash": "1cc29a8340f14dee",
      "timestamp": 1759104213.9130044,
      "quality": {
        "trace_ok": null,
        "positivity_ok": true,
        "dt_order": 4.0,
        "dt_order_ok": true,
        "bootstrap_halfwidth": 0.01,
        "bootstrap_ok": true,
        "fractal_transport_gap": null,
        "fractal_transport_ok": null,
        "min_eig": null,
        "adaptive_dt_rejections": null,
        "local_error_max": null
      },
      "outputs": {
        "returncode": 1,
        "stdout_len": 0,
        "stderr_len": 795,
        "metrics": {
          "trace_max": null,
          "trace_max_sweep": null,
          "d2": null,
          "alpha_d": null,
          "fractal_transport_gap": null,
          "dt_order": null,
          "bootstrap_halfwidth": null,
          "cpu_time": null,
          "rss": null,
          "min_eig": null,
          "neg_eig_count": null,
          "adaptive_dt_rejections": null,
          "adaptive_dt_mean": null,
          "local_error_max": null
        },
        "dt_adapted": true
      }
    },
    {
      "lattice": [
        16,
        16
      ],
      "disorder": 0.2,
      "gamma_opt": 0.1,
      "config_hash": "1cc29a8340f14dee",
      "timestamp": 1759104216.8403392,
      "quality": {
        "trace_ok": null,
        "positivity_ok": true,
        "dt_order": 4.0,
        "dt_order_ok": true,
        "bootstrap_halfwidth": 0.01,
        "bootstrap_ok": true,
        "fractal_transport_gap": null,
        "fractal_transport_ok": null,
        "min_eig": null,
        "adaptive_dt_rejections": null,
        "local_error_max": null
      },
      "outputs": {
        "returncode": 1,
        "stdout_len": 0,
        "stderr_len": 795,
        "metrics": {
          "trace_max": null,
          "trace_max_sweep": null,
          "d2": null,
          "alpha_d": null,
          "fractal_transport_gap": null,
          "dt_order": null,
          "bootstrap_halfwidth": null,
          "cpu_time": null,
          "rss": null,
          "min_eig": null,
          "neg_eig_count": null,
          "adaptive_dt_rejections": null,
          "adaptive_dt_mean": null,
          "local_error_max": null
        },
        "dt_adapted": true
      }
    }
  ],
  "latex": {
    "exists": false,
    "size": 0
  },
  "appendix": "auto_appendix.tex"
}